id;waterAreaCode;latitude;longitude;FishingLakeName
1;14-002-2-1;46.8456;17.6861;Balaton
2;10-009-1-1;47.6200;20.7400;Tisza-tó
3;07-010-1-1;47.2167;18.7000;Velencei-tó
4;14-0062-1-5;46.3590;17.6850;Deseda-tó
5;11-0001-1-1;47.6500;18.3000;Tatai Öreg-tó
6;08-0015-1-1;46.9900;17.8900;Kis-Balaton I. ütem
7;08-0016-1-1;46.9500;17.9200;Kis-Balaton II. ütem
8;07-0013-1-1;46.6400;18.1000;Pátkai-víztározó
9;07-0014-1-1;46.5800;18.0800;Zámolyi-víztározó
10;05-0097-1-4;47.6333;21.6500;Vekeri-tó
11;05-0092-1-4;47.6167;21.2667;Gólem-tó
12;02-0061-1-5;48.0000;21.8000;Malomvölgyi II. tó
13;05-0140-1-4;48.0833;21.8500;Sajópüspöki kavicsbánya-tó
14;08-0295-1-4;47.9000;19.2667;Poszeidón-horgásztó
15;11-0022-1-4;47.7000;18.4500;Cseke-tó
16;14-0118-2-1;46.6360;17.2990;Ordacsehi-berek
17;15-0016-1-1;47.8500;21.7000;Szabolcsveresmarti víztározó
18;15-0013-1-1;47.8700;22.2800;Tiszakarádi-holtág
19;09-0057-1-1;47.3000;21.0500;Balmazújváros K-V-3
20;09-0056-1-1;47.2970;21.0450;Balmazújváros K-V-1
21;01-0001-1-1;47.4979;19.0402;Duna budapesti szakasz
22;01-0002-1-1;47.7850;18.7400;Duna esztergomi szakasz
23;03-0006-2-1;46.2000;18.9500;Gemenci Duna
24;03-0051-1-1;46.9000;19.0000;Kiskunsági-főcsatorna
25;10-0011-1-1;47.0000;20.2000;Hármas-Körös
26;10-0012-1-1;46.9000;20.1000;Kettős-Körös
27;06-0007-1-1;46.3000;20.5500;Maros folyó
28;04-0004-1-1;48.1000;20.8000;Sajó folyó
29;04-0005-1-1;48.0000;20.9000;Hernád folyó
30;05-0006-1-1;47.9500;21.7000;Tisza tokaji szakasz
31;12-0003-1-1;47.1000;18.5000;Sárvíz-csatorna
32;06-0058-1-1;46.2500;20.1500;Szegedi-Tisza szakasz
33;02-0025-1-1;46.9000;18.4000;Egerszegi-csatorna
34;14-0150-1-1;46.5000;17.9000;Libickozmai-horgásztó
35;14-0084-1-4;46.9500;17.4200;Simongáti tavak
36;03-0019-1-1;46.9000;19.0500;Fűzvölgyi-főcsatorna
37;09-0093-1-4;47.1500;21.2667;Kócos-horgásztó
38;15-0095-1-4;47.9833;22.4333;Jóléti-tó Nyírbogát
39;05-0273-2-1;47.9500;21.7130;Nádas-tó
40;08-0247-1-1;46.5000;17.8000;Zselici-főcsatorna
41;07-0201-1-4;46.8200;18.7200;Agárdi horgásztó
42;07-0202-1-4;46.8300;18.7400;Dinnyési-fertő
43;11-0101-1-4;47.7300;18.3200;Által-ér
44;11-0102-1-4;47.7400;18.3500;Ferencmajori-tó
45;02-0111-1-4;47.4000;18.6000;Bicskei horgásztó
46;02-0112-1-4;47.4200;18.6200;Felcsúti-tó
47;05-0310-1-4;48.0500;21.6000;Tokaji bányató
48;05-0311-1-4;48.0600;21.6200;Tarcal kavicsbánya
49;15-0201-1-4;48.0500;22.1000;Vásárosnaményi holtág
50;15-0202-1-4;48.0600;22.1200;Gergelyiugornyai holtág
51;01-0003-1-1;47.9000;18.8000;Duna komáromi szakasz
52;01-0004-1-1;46.9500;18.9300;Duna dunaújvárosi szakasz
53;01-0005-1-1;46.3000;18.7000;Duna paksi szakasz
54;01-0006-1-1;45.9900;18.6500;Duna mohácsi szakasz
55;03-0020-1-1;46.7500;19.3500;Duna–Tisza-csatorna
56;03-0021-1-1;46.8200;19.4200;Dong-ér
57;03-0022-1-1;46.6800;19.1000;Vajas-fok
58;03-0023-1-1;46.7200;19.2200;Kígyós-ér
59;04-0010-1-1;48.0500;20.7500;Bódva folyó
60;04-0011-1-1;48.2000;20.6000;Hejő-patak
61;04-0012-1-1;48.1500;20.9000;Takta folyó
62;04-0013-1-1;48.0000;20.6500;Csincse-patak
63;05-0015-1-1;47.8000;21.3000;Keleti-főcsatorna
64;05-0016-1-1;47.7000;21.1000;Nyugati-főcsatorna
65;05-0017-1-1;47.8500;21.4500;Tócó-patak
66;05-0201-1-4;47.6000;21.5000;Látóképi-víztározó
67;05-0202-1-4;47.6500;21.5500;Fancsikai-tó
68;05-0203-1-4;47.6800;21.5800;Erdőspusztai-tó
69;06-0010-1-1;46.4000;20.0000;Körös–Maros-csatorna
70;06-0011-1-1;46.5000;20.3000;Kurca
71;06-0012-1-1;46.5500;20.3500;Kákafoki-holtág
72;06-0013-1-1;46.6000;20.4000;Atkai-holtág
73;06-0101-1-4;46.2800;20.4800;Mártélyi-holtág
74;06-0102-1-4;46.3200;20.5200;Gyálai-holtág
75;07-0020-1-1;46.7000;18.5000;Sió-csatorna
76;07-0021-1-1;46.6500;18.6000;Nádor-csatorna
77;07-0105-1-4;46.9000;18.2500;Sukorói-horgásztó
78;07-0106-1-4;46.8800;18.3000;Nadapi-horgásztó
79;08-0025-1-1;46.7500;17.3000;Zala folyó
80;08-0026-1-1;46.8000;17.2500;Principális-csatorna
81;08-0027-1-1;46.7200;17.2000;Kerka folyó
82;08-0150-1-4;46.7000;17.3500;Csónakázó-tó Nagykanizsa
83;08-0151-1-4;46.6800;17.3800;Miklósfai-tó
84;09-0010-1-1;47.4500;21.2000;Hortobágy folyó
85;09-0011-1-1;47.5500;21.1500;Kadarcs
86;09-0012-1-1;47.4800;21.3000;Sebes-Körös bihari szakasz
87;09-0150-1-4;47.3500;21.4000;Derecskei-horgásztó
88;09-0151-1-4;47.3200;21.4200;Sárréti-tó
89;10-0020-1-1;46.9500;20.4000;Körös főcsatorna
90;10-0021-1-1;46.9000;20.5000;Száraz-ér
91;10-0150-1-4;47.0500;20.6000;Gyomaendrődi-holtág
92;10-0151-1-4;47.0300;20.6500;Bónom-zugi-holtág
93;11-0030-1-1;47.6000;18.2500;Concó-patak
94;11-0031-1-1;47.5500;18.2000;Bajna–Ecsédi-víz
95;11-0201-1-4;47.6800;18.3500;Fényes-források tava
96;12-0010-1-1;47.2500;18.6000;Kapós-csatorna
97;12-0011-1-1;47.3000;18.7000;Séd patak
98;12-0101-1-4;47.2000;18.6500;Palotavárosi tavak
99;14-0030-1-1;46.7000;17.6000;Somogyi-Koppány
100;14-0031-1-1;46.7500;17.6500;Rinya folyó
101;14-0201-1-4;46.8000;17.7500;Böhönyei-tó
102;14-0202-1-4;46.8200;17.7800;Marcali-bányató
103;15-0020-1-1;48.0000;22.0000;Szamos folyó
104;15-0021-1-1;48.0500;22.0500;Túr folyó
105;15-0150-1-4;47.9500;22.2000;Kisvárdai-horgásztó
106;15-0151-1-4;48.0200;22.1800;Várday-tó
107;16-0010-1-1;47.2500;17.7000;Marcal folyó
108;16-0011-1-1;47.3000;17.6500;Rába mellékág
109;16-0101-1-4;47.2000;17.7500;Celli-horgásztó
110;16-0102-1-4;47.1800;17.7200;Ság-hegyi-tó
111;01-0007-1-1;47.3000;18.9000;Duna rácalmási szakasz
112;01-0008-1-1;46.8500;18.7500;Duna faddi szakasz
113;01-0009-1-1;46.6000;18.6500;Duna bátai szakasz
114;02-0120-1-4;47.5500;18.7000;Etyeki-horgásztó
115;02-0121-1-4;47.5800;18.7300;Alcsútdobozi-tó
116;02-0122-1-4;47.6000;18.7600;Váli-völgyi-tó
117;03-0030-1-1;46.8500;19.6000;Dunavölgyi-főcsatorna
118;03-0031-1-1;46.9000;19.6500;Csepeli-főcsatorna
119;03-0032-1-1;46.7800;19.5000;Kígyós-csatorna
120;03-0210-1-4;46.7500;19.5500;Solti-bányató
121;03-0211-1-4;46.7200;19.5800;Akasztói-horgásztó
122;04-0020-1-1;48.2500;20.9500;Bódva mellékág
123;04-0021-1-1;48.3000;21.0000;Ida-patak
124;04-0022-1-1;48.1800;20.9800;Szinva-patak
125;04-0201-1-4;48.1200;20.8500;Miskolci Csónakázó-tó
126;04-0202-1-4;48.1400;20.8800;Majális-park tava
127;05-0020-1-1;47.9000;21.2000;Lónyai-főcsatorna
128;05-0021-1-1;47.8500;21.1500;Tiszalöki-holtág
129;05-0220-1-4;47.7800;21.3000;Tiszavasvári-bányató
130;05-0221-1-4;47.7600;21.3200;Hajdúnánási-tó
131;06-0020-1-1;46.7000;20.2000;Élővíz-csatorna
132;06-0021-1-1;46.6500;20.2500;Kórógy-ér
133;06-0201-1-4;46.6000;20.3000;Csanyteleki-holtág
134;06-0202-1-4;46.5800;20.2800;Felgyői-holtág
135;07-0030-1-1;46.6000;18.3000;Kapos folyó
136;07-0031-1-1;46.5500;18.3500;Koppány-patak
137;07-0220-1-4;46.7000;18.2000;Szedresi-horgásztó
138;07-0221-1-4;46.6800;18.2300;Kajdacsi-bányató
139;08-0035-1-1;46.8500;17.1500;Mura folyó
140;08-0036-1-1;46.9000;17.1000;Rinya mellékág
141;08-0250-1-4;46.7500;17.4000;Kistolmácsi-tó
142;08-0251-1-4;46.7300;17.4200;Zajki-tó
143;09-0020-1-1;47.6000;21.3500;Berettyó folyó
144;09-0021-1-1;47.6500;21.4000;Kálló-patak
145;09-0220-1-4;47.5500;21.5000;Püspökladányi-horgásztó
146;09-0221-1-4;47.5200;21.4800;Földesi-tó
147;10-0030-1-1;47.1000;20.7000;Hortobágy–Berettyó
148;10-0031-1-1;47.0500;20.7500;Kígyós-csatorna Békés
149;10-0220-1-4;46.9800;20.8000;Szarvasi-holtág
150;10-0221-1-4;47.0000;20.8200;Békésszentandrási-duzzasztó
151;11-0040-1-1;47.5000;18.1500;Kenyeres-patak
152;11-0041-1-1;47.5200;18.1800;Által-ér felső szakasz
153;11-0250-1-4;47.6000;18.2800;Oroszlányi-bányató
154;11-0251-1-4;47.5800;18.3000;Kecskédi-horgásztó
155;12-0020-1-1;47.3500;18.8000;Gaja-patak
156;12-0021-1-1;47.3000;18.8500;Váli-víz
157;12-0201-1-4;47.3300;18.7800;Csónakázó-tó Székesfehérvár
158;12-0202-1-4;47.3100;18.8100;Palotai-felső tó
159;14-0040-1-1;46.6500;17.5000;Zselic-patak
160;14-0041-1-1;46.6200;17.5300;Boronka-melléki víz
161;14-0250-1-4;46.7000;17.7000;Kaposmérői-tó
162;14-0251-1-4;46.7200;17.7200;Iharosi-bányató
163;15-0030-1-1;48.1000;22.3000;Kraszna folyó
164;15-0031-1-1;48.0800;22.3500;Batár-patak
165;15-0250-1-4;48.0000;22.2500;Mátészalkai-horgásztó
166;15-0251-1-4;48.0200;22.2800;Kántorjánosi-tó
167;16-0020-1-1;47.3500;17.6000;Répce folyó
168;16-0021-1-1;47.4000;17.5500;Gyöngyös-patak
169;16-0201-1-4;47.3200;17.6500;Celldömölki-bányató
170;16-0202-1-4;47.3000;17.6200;Jánosházi-tó
171;01-0010-1-1;47.2500;18.8500;Duna érdi szakasz
172;01-0011-1-1;47.1500;18.8000;Duna szekszárdi szakasz
173;02-0130-1-4;47.6500;18.5500;Tatabányai-bányató
174;02-0131-1-4;47.6200;18.5200;Oroszlányi-horgásztó
175;02-0132-1-4;47.6000;18.5000;Környei-tó
176;03-0040-1-1;46.8800;19.7500;Dömsödi-árapasztó
177;03-0041-1-1;46.8500;19.7800;Ráckevei-Soroksári Duna-ág
178;03-0042-1-1;46.8200;19.8200;Taksonyi mellékág
179;03-0230-1-4;46.8000;19.7000;Kiskunlacházi-bányató
180;03-0231-1-4;46.7800;19.7300;Majosházi-tó
181;04-0030-1-1;48.3200;21.0500;Tarna folyó
182;04-0031-1-1;48.2800;21.0200;Zagyva felső szakasz
183;04-0032-1-1;48.2600;21.0000;Galga patak
184;04-0230-1-4;48.2000;20.9000;Mezőkövesdi Csincse-tó
185;04-0231-1-4;48.1800;20.9300;Bogácsi-horgásztó
186;05-0030-1-1;47.8500;21.0500;Lónyai-csatorna
187;05-0031-1-1;47.8200;21.0200;Tiszaeszlári-holtág
188;05-0240-1-4;47.7800;21.1800;Nyíregyházi Sóstó
189;05-0241-1-4;47.7600;21.2000;Orosi-tó
190;06-0030-1-1;46.7500;20.1000;Fehér-Körös
191;06-0031-1-1;46.7200;20.1500;Fekete-Körös
192;06-0240-1-4;46.6800;20.2000;Gyulai-várárok
193;06-0241-1-4;46.6600;20.1800;Békési Dánfoki-holtág
194;07-0040-1-1;46.5000;18.2000;Kapos felső szakasz
195;07-0041-1-1;46.4700;18.2300;Koppány alsó szakasz
196;07-0240-1-4;46.5200;18.1500;Tamási-bányató
197;07-0241-1-4;46.5400;18.1800;Ozora-horgásztó
198;08-0040-1-1;46.8800;17.0500;Zalaegerszegi-patak
199;08-0041-1-1;46.9000;17.0200;Válicka patak
200;08-0260-1-4;46.8500;17.1800;Alsórajki-horgásztó
201;09-0030-1-1;47.7000;21.5500;Kraszna-csatorna
202;09-0031-1-1;47.6800;21.5200;Ér folyó
203;09-0240-1-4;47.6000;21.6000;Hajdúszoboszlói-tó
204;09-0241-1-4;47.6200;21.6300;Nádudvari-horgásztó
205;10-0040-1-1;47.1500;20.8500;Sebes-Körös magyar szakasz
206;10-0041-1-1;47.1200;20.8800;Kettős-Körös alsó szakasz
207;10-0240-1-4;47.0500;20.9000;Gyopárosi-tó
208;10-0241-1-4;47.0200;20.9300;Sámsoni-holtág
209;11-0050-1-1;47.4500;18.1000;Gerecse-patak
210;11-0051-1-1;47.4200;18.1300;Bajót-patak
211;11-0260-1-4;47.4800;18.1600;Nyergesújfalui-horgásztó
212;11-0261-1-4;47.5000;18.1900;Süttői-bányató
213;12-0030-1-1;47.4200;18.9000;Sió felső szakasz
214;12-0031-1-1;47.3800;18.9500;Malom-csatorna
215;12-0210-1-4;47.4000;18.8800;Gárdonyi-bányató
216;12-0211-1-4;47.3700;18.9200;Dinnyési-horgásztó
217;14-0050-1-1;46.6000;17.4500;Koppány alsó vízgyűjtő
218;14-0051-1-1;46.5800;17.4800;Kapos mellékág
219;14-0260-1-4;46.6500;17.6500;Somogyfajszi-tó
220;14-0261-1-4;46.6300;17.6800;Szenyéri-bányató
221;15-0040-1-1;48.1500;22.4000;Tisza felső szakasz
222;15-0041-1-1;48.1200;22.4500;Bodrog folyó
223;15-0260-1-4;48.0800;22.3800;Tokaji-bányató
224;15-0261-1-4;48.1000;22.4200;Sárospataki-horgásztó
225;16-0030-1-1;47.4500;17.5000;Rába felső szakasz
226;16-0031-1-1;47.4800;17.4600;Lafnitz-patak
227;16-0210-1-4;47.4200;17.5200;Körmendi-bányató
228;16-0211-1-4;47.4000;17.5500;Pinkamindszenti-tó
229;01-0012-1-1;47.0500;18.7000;Duna bajai szakasz
230;01-0013-1-1;46.7500;18.6000;Duna szigeti mellékág
231;02-0140-1-4;47.7000;18.6000;Vértesszőlősi-tó
232;02-0141-1-4;47.7200;18.5800;Tatai Cseke-árok
233;03-0050-1-1;46.9000;19.9000;Kecskeméti csatorna
234;03-0051-1-1;46.8500;19.9500;Alpári-holtág
235;04-0040-1-1;48.3500;21.1000;Borsodi-ér
236;04-0041-1-1;48.3300;21.0800;Harica-patak
237;05-0040-1-1;47.9500;21.0000;Bujtosi-csatorna
238;05-0041-1-1;47.9200;21.0300;Nyírvíz-csatorna
239;06-0040-1-1;46.8200;20.0500;Kígyósi-főcsatorna
240;06-0041-1-1;46.8000;20.0200;Köröszugi mellékág
241;07-0050-1-1;46.4500;18.1000;Koppány felső szakasz
242;07-0051-1-1;46.4200;18.1300;Sárvíz mellékág
243;08-0050-1-1;46.9500;16.9800;Pinka folyó
244;08-0051-1-1;46.9800;16.9500;Rába mellékpatak
245;09-0040-1-1;47.7500;21.6500;Szilágyi-ér
246;09-0041-1-1;47.7200;21.6800;Kadarcs felső szakasz
247;10-0050-1-1;47.2000;20.9500;Sebes-Körös alsó szakasz
248;10-0051-1-1;47.1800;20.9800;Kígyós alsó csatorna
249;11-0060-1-1;47.3800;18.0500;Bajóti-patak
250;11-0061-1-1;47.3600;18.0200;Mocsa-patak
251;12-0040-1-1;47.3600;18.9000;Sárvíz felső szakasz
252;12-0041-1-1;47.3300;18.9500;Sió-csatorna
253;12-0220-1-4;47.3500;18.9200;Velencei-tó mellékág
254;12-0221-1-4;47.3700;18.9400;Dinnyési-horgásztó
255;14-0060-1-1;46.5800;17.4200;Koppány középső szakasz
256;14-0061-1-1;46.5500;17.4500;Kaposi-patak
257;14-0270-1-4;46.6000;17.6000;Szentbalázsi-bányató
258;14-0271-1-4;46.6200;17.6300;Somogysárdi-tó
259;15-0050-1-1;48.2000;22.4500;Tisza középső szakasz
260;15-0051-1-1;48.1800;22.4800;Bodrog mellékág
261;15-0270-1-4;48.1500;22.4000;Nagymihályi-bányató
262;15-0271-1-4;48.1700;22.4200;Mátai-tó
263;16-0040-1-1;47.5000;17.5200;Rába középső szakasz
264;16-0041-1-1;47.4800;17.5400;Gyöngyös mellékág
265;16-0220-1-4;47.4500;17.5000;Celldömölki-horgásztó
266;16-0221-1-4;47.4300;17.5200;Jánosházi-bányató
267;01-0014-1-1;46.7000;18.5000;Duna bajai mellékág
268;01-0015-1-1;46.6500;18.4500;Duna mohácsi szakasz
269;02-0150-1-4;47.7400;18.6200;Tatai-tó
270;02-0151-1-4;47.7600;18.6400;Dorogi-bányató
271;03-0060-1-1;46.9200;19.8500;Kecskeméti-holtág
272;03-0061-1-1;46.8900;19.8800;Kiskunfélegyházi mellékág
273;04-0050-1-1;48.3600;21.1200;Sajó alsó szakasz
274;04-0051-1-1;48.3400;21.1000;Bódva mellékág
275;04-0240-1-4;48.3000;21.0500;Mezőkövesdi-horgásztó
276;04-0241-1-4;48.2800;21.0800;Bogácsi-tó
277;05-0050-1-1;47.9700;21.0200;Nyírségi-csatorna
278;05-0051-1-1;47.9400;21.0500;Tiszaújvárosi mellékág
279;05-0250-1-4;47.9000;21.1000;Nyírbátori-tó
280;05-0251-1-4;47.9200;21.1200;Hajdúsámsoni-horgásztó
281;06-0050-1-1;46.7800;20.0800;Fekete-Körös alsó szakasz
282;06-0051-1-1;46.7500;20.0500;Fehér-Körös mellékág
283;06-0250-1-4;46.7200;20.0200;Gyulai-holtág
284;06-0251-1-4;46.7000;20.0000;Békési-horgásztó
285;07-0060-1-1;46.4300;18.0800;Kapos alsó szakasz
286;07-0061-1-1;46.4000;18.0500;Sárvíz mellékág
287;07-0250-1-4;46.4500;18.1000;Tamási-horgásztó
288;07-0251-1-4;46.4700;18.1200;Ozora-bányató
289;08-0060-1-1;46.9700;17.0200;Mura alsó szakasz
290;08-0061-1-1;46.9500;17.0000;Rába mellékág
291;08-0270-1-4;46.9200;17.0500;Alsórajki-horgásztó
292;08-0271-1-4;46.9400;17.0700;Zajki-bányató
293;09-0050-1-1;47.7700;21.6500;Berettyó alsó szakasz
294;09-0051-1-1;47.7500;21.6800;Kálló mellékág
295;09-0250-1-4;47.7200;21.7000;Hajdúszoboszlói-bányató
296;09-0251-1-4;47.7400;21.7200;Nádudvari-tó
297;10-0060-1-1;47.2000;20.9000;Sebes-Körös középső szakasz
298;10-0061-1-1;47.1800;20.9200;Kígyós középső csatorna
299;10-0250-1-4;47.1500;20.9400;Gyopárosi-horgásztó
300;10-0251-1-4;47.1300;20.9600;Sámsoni-tó
301;11-0070-1-1;47.3400;18.0000;Gerecse alsó szakasz
302;11-0071-1-1;47.3200;18.0200;Bajót mellékág
303;11-0270-1-4;47.3600;18.0400;Nyergesújfalui-bányató
304;11-0271-1-4;47.3800;18.0600;Süttői-horgásztó
305;12-0050-1-1;47.3100;18.8800;Sió középső szakasz
306;12-0051-1-1;47.2900;18.9100;Sárvíz mellékág
307;12-0230-1-4;47.3200;18.9000;Velencei-tó felső ág
308;12-0231-1-4;47.3000;18.9200;Dinnyési-horgásztó 2
309;14-0070-1-1;46.5500;17.4000;Koppány alsó szakasz
310;14-0071-1-1;46.5300;17.4300;Kaposi mellékág
311;14-0280-1-4;46.5800;17.5800;Somogysárdi-bányató
312;14-0281-1-4;46.6000;17.6000;Szentbalázsi-tó
313;15-0060-1-1;48.1800;22.4200;Tisza alsó szakasz
314;15-0061-1-1;48.1600;22.4500;Bodrog mellékág 2
315;15-0280-1-4;48.1400;22.4000;Nagymihályi-horgásztó
316;15-0281-1-4;48.1600;22.4200;Mátai-bányató
317;16-0050-1-1;47.5200;17.5400;Rába alsó szakasz
318;16-0051-1-1;47.5000;17.5600;Gyöngyös mellékág 2
319;16-0230-1-4;47.4700;17.5200;Celldömölki-horgásztó 2
320;16-0231-1-4;47.4500;17.5400;Jánosházi-bányató 2
321;01-0016-1-1;46.6000;18.4000;Duna Mohácsi mellékág
322;01-0017-1-1;46.5500;18.3500;Duna Bajai alsó szakasz
323;02-0160-1-4;47.7800;18.6600;Tatai-horgásztó
324;02-0161-1-4;47.7600;18.6800;Dorogi-bányató 2
325;03-0070-1-1;46.9500;19.9000;Kecskeméti-holtág 2
326;03-0071-1-1;46.9200;19.9200;Kiskunfélegyházi mellékág 2
327;04-0060-1-1;48.3700;21.1400;Sajó középső szakasz
328;04-0061-1-1;48.3500;21.1200;Bódva mellékág 2
329;04-0250-1-4;48.3200;21.1000;Mezőkövesdi-horgásztó 2
330;04-0251-1-4;48.3000;21.1200;Bogácsi-tó 2
331;05-0060-1-1;47.9900;21.0400;Nyírségi-csatorna 2
332;05-0061-1-1;47.9600;21.0700;Tiszaújvárosi mellékág 2
333;05-0260-1-4;47.9300;21.1100;Nyírbátori-horgásztó 2
334;05-0261-1-4;47.9500;21.1300;Hajdúsámsoni-tó 2
335;06-0060-1-1;46.8000;20.0600;Fekete-Körös alsó szakasz 2
336;06-0061-1-1;46.7800;20.0300;Fehér-Körös mellékág 2
337;06-0260-1-4;46.7500;20.0000;Gyulai-horgásztó 2
338;06-0261-1-4;46.7300;19.9800;Békési-bányató 2
339;07-0070-1-1;46.4100;18.0600;Kapos alsó szakasz 2
340;07-0071-1-1;46.3800;18.0300;Sárvíz mellékág 2
341;07-0260-1-4;46.4200;18.0800;Tamási-horgásztó 2
342;07-0261-1-4;46.4400;18.1000;Ozora-bányató 2
343;08-0070-1-1;46.9900;17.0000;Mura alsó szakasz 2
344;08-0071-1-1;46.9700;16.9800;Rába mellékág 3
345;08-0280-1-4;46.9500;17.0200;Alsórajki-horgásztó 2
346;08-0281-1-4;46.9700;17.0400;Zajki-bányató 2
347;09-0060-1-1;47.7800;21.6700;Berettyó alsó szakasz 2
348;09-0061-1-1;47.7600;21.6900;Kálló mellékág 2
349;09-0260-1-4;47.7400;21.7100;Hajdúszoboszlói-horgásztó 2
350;09-0261-1-4;47.7600;21.7300;Nádudvari-bányató 2
351;10-0070-1-1;47.2200;20.9100;Sebes-Körös középső szakasz 2
352;10-0071-1-1;47.2000;20.9300;Kígyós középső csatorna 2
353;10-0260-1-4;47.1600;20.9500;Gyopárosi-horgásztó 2
354;10-0261-1-4;47.1400;20.9700;Sámsoni-tó 2
355;11-0080-1-1;47.3200;17.9800;Gerecse alsó szakasz 2
356;11-0081-1-1;47.3000;18.0000;Bajót mellékág 2
357;11-0280-1-4;47.3400;18.0200;Nyergesújfalui-horgásztó 2
358;11-0281-1-4;47.3600;18.0400;Süttői-bányató 2
359;12-0060-1-1;47.2800;18.8800;Sió alsó szakasz
360;12-0061-1-1;47.2600;18.9100;Sárvíz mellékág 3
361;12-0240-1-4;47.2800;18.9000;Velencei-tó alsó ág
362;12-0241-1-4;47.2600;18.9200;Dinnyési-horgásztó 3
363;14-0080-1-1;46.5200;17.3800;Koppány alsó szakasz 2
364;14-0081-1-1;46.5000;17.4100;Kaposi mellékág 2
365;14-0290-1-4;46.5500;17.5600;Somogysárdi-tó 2
366;14-0291-1-4;46.5700;17.5800;Szentbalázsi-bányató 2
367;15-0070-1-1;48.1600;22.4000;Tisza alsó szakasz 2
368;15-0071-1-1;48.1400;22.4300;Bodrog mellékág 3
369;15-0290-1-4;48.1200;22.4000;Nagymihályi-horgásztó 2
370;15-0291-1-4;48.1400;22.4200;Mátai-bányató 2
371;16-0060-1-1;47.5400;17.5600;Rába alsó szakasz 2
372;16-0061-1-1;47.5200;17.5800;Gyöngyös mellékág 3
373;16-0240-1-4;47.4900;17.5400;Celldömölki-horgásztó 3
374;16-0241-1-4;47.4700;17.5600;Jánosházi-bányató 3
375;01-0018-1-1;46.5000;18.3000;Duna Mohácsi alsó szakasz
376;01-0019-1-1;46.4500;18.2500;Duna Baja mellékág
377;02-0170-1-4;47.8000;18.6800;Tatai-horgásztó 2
378;02-0171-1-4;47.7800;18.7000;Dorogi-bányató 3
379;03-0080-1-1;46.9700;19.9500;Kecskeméti-holtág 3
380;03-0081-1-1;46.9400;19.9800;Kiskunfélegyházi mellékág 3
381;04-0070-1-1;48.3800;21.1600;Sajó alsó szakasz 2
382;04-0071-1-1;48.3600;21.1400;Bódva mellékág 3
383;04-0260-1-4;48.3400;21.1200;Mezőkövesdi-horgásztó 3
384;04-0261-1-4;48.3200;21.1400;Bogácsi-tó 3
385;05-0070-1-1;48.0000;21.0600;Nyírségi-csatorna 3
386;05-0071-1-1;47.9700;21.0900;Tiszaújvárosi mellékág 3
387;05-0270-1-4;47.9500;21.1200;Nyírbátori-horgásztó 3
388;05-0271-1-4;47.9700;21.1400;Hajdúsámsoni-tó 3
389;06-0070-1-1;46.8200;20.0400;Fekete-Körös alsó szakasz 3
390;06-0071-1-1;46.8000;20.0200;Fehér-Körös mellékág 3
391;06-0270-1-4;46.7700;20.0000;Gyulai-horgásztó 3
392;06-0271-1-4;46.7500;19.9800;Békési-bányató 3
393;07-0080-1-1;46.3900;18.0400;Kapos alsó szakasz 3
394;07-0081-1-1;46.3600;18.0100;Sárvíz mellékág 3
395;07-0270-1-4;46.4000;18.0800;Tamási-horgásztó 3
396;07-0271-1-4;46.4200;18.1000;Ozora-bányató 3
397;08-0080-1-1;47.0000;16.9800;Mura alsó szakasz 3
398;08-0081-1-1;46.9800;16.9600;Rába mellékág 4
399;08-0290-1-4;46.9600;17.0200;Alsórajki-horgásztó 3
400;08-0291-1-4;46.9800;17.0400;Zajki-bányató 3
401;09-0070-1-1;47.7900;21.6700;Berettyó alsó szakasz 3
402;09-0071-1-1;47.7700;21.6900;Kálló mellékág 3
403;09-0270-1-4;47.7500;21.7100;Hajdúszoboszlói-horgásztó 3
404;09-0271-1-4;47.7700;21.7300;Nádudvari-bányató 3
405;10-0080-1-1;47.2200;20.9200;Sebes-Körös középső szakasz 3
406;10-0081-1-1;47.2000;20.9400;Kígyós középső csatorna 3
407;10-0270-1-4;47.1700;20.9600;Gyopárosi-horgásztó 3
408;10-0271-1-4;47.1500;20.9800;Sámsoni-tó 3
409;11-0090-1-1;47.3000;17.9600;Gerecse alsó szakasz 3
410;11-0091-1-1;47.2800;17.9800;Bajót mellékág 3
411;11-0290-1-4;47.3200;18.0000;Nyergesújfalui-horgásztó 3
412;11-0291-1-4;47.3400;18.0200;Süttői-bányató 3
413;12-0070-1-1;47.2600;18.8800;Sió alsó szakasz 2
414;12-0071-1-1;47.2400;18.9100;Sárvíz mellékág 4
415;12-0250-1-4;47.2600;18.9000;Velencei-tó alsó ág 2
416;12-0251-1-4;47.2400;18.9200;Dinnyési-horgásztó 4
417;14-0090-1-1;46.5000;17.3600;Koppány alsó szakasz 3
418;14-0091-1-1;46.4800;17.3800;Kaposi mellékág 3
419;14-0300-1-4;46.5300;17.5600;Somogysárdi-tó 3
420;14-0301-1-4;46.5500;17.5800;Szentbalázsi-bányató 3
421;15-0080-1-1;48.1400;22.3800;Tisza alsó szakasz 3
422;15-0081-1-1;48.1200;22.4100;Bodrog mellékág 4
423;15-0300-1-4;48.1000;22.3800;Nagymihályi-horgásztó 3
424;15-0301-1-4;48.1200;22.4000;Mátai-bányató 3
425;16-0070-1-1;47.5600;17.5800;Rába alsó szakasz 3
426;16-0071-1-1;47.5400;17.6000;Gyöngyös mellékág 4
427;16-0250-1-4;47.5100;17.5600;Celldömölki-horgásztó 4
428;16-0251-1-4;47.4900;17.5800;Jánosházi-bányató 4
429;01-0020-1-1;46.4500;18.3000;Duna Mohácsi alsó szakasz 2
430;01-0021-1-1;46.4000;18.2500;Duna Baja mellékág 2
431;02-0180-1-4;47.8200;18.7000;Tatai-horgásztó 3
432;02-0181-1-4;47.8000;18.7200;Dorogi-bányató 4
433;03-0090-1-1;46.9900;19.9500;Kecskeméti-holtág 4
434;03-0091-1-1;46.9600;19.9800;Kiskunfélegyházi mellékág 4
435;04-0080-1-1;48.3900;21.1800;Sajó alsó szakasz 3
436;04-0081-1-1;48.3700;21.1600;Bódva mellékág 4
437;04-0270-1-4;48.3500;21.1400;Mezőkövesdi-horgásztó 4
438;04-0271-1-4;48.3300;21.1600;Bogácsi-tó 4
439;05-0080-1-1;48.0100;21.0600;Nyírségi-csatorna 4
440;05-0081-1-1;47.9800;21.0900;Tiszaújvárosi mellékág 4
441;05-0280-1-4;47.9600;21.1200;Nyírbátori-horgásztó 4
442;05-0281-1-4;47.9800;21.1400;Hajdúsámsoni-tó 4
443;06-0080-1-1;46.8400;20.0400;Fekete-Körös alsó szakasz 4
444;06-0081-1-1;46.8200;20.0200;Fehér-Körös mellékág 4
445;06-0280-1-4;46.7900;20.0000;Gyulai-horgásztó 4
446;06-0281-1-4;46.7700;19.9800;Békési-bányató 4
447;07-0090-1-1;46.3700;18.0400;Kapos alsó szakasz 4
448;07-0091-1-1;46.3400;18.0100;Sárvíz mellékág 4
449;07-0280-1-4;46.3800;18.0800;Tamási-horgásztó 4
450;07-0281-1-4;46.4000;18.1000;Ozora-bányató 4
451;08-0090-1-1;47.0100;16.9800;Mura alsó szakasz 4
452;08-0091-1-1;46.9900;16.9600;Rába mellékág 5
453;08-0300-1-4;46.9700;17.0200;Alsórajki-horgásztó 4
454;08-0301-1-4;46.9900;17.0400;Zajki-bányató 4
455;09-0080-1-1;47.8000;21.6700;Berettyó alsó szakasz 4
456;09-0081-1-1;47.7800;21.6900;Kálló mellékág 4
457;09-0280-1-4;47.7600;21.7100;Hajdúszoboszlói-horgásztó 4
458;09-0281-1-4;47.7800;21.7300;Nádudvari-bányató 4
459;10-0090-1-1;47.2400;20.9200;Sebes-Körös középső szakasz 4
460;10-0091-1-1;47.2200;20.9400;Kígyós középső csatorna 4
461;10-0280-1-4;47.1800;20.9600;Gyopárosi-horgásztó 4
462;10-0281-1-4;47.1600;20.9800;Sámsoni-tó 4
463;11-0100-1-1;47.2800;17.9600;Gerecse alsó szakasz 4
464;11-0101-1-1;47.2600;17.9800;Bajót mellékág 4
465;11-0300-1-4;47.3000;18.0000;Nyergesújfalui-horgásztó 4
466;11-0301-1-4;47.3200;18.0200;Süttői-bányató 4
467;12-0080-1-1;47.2400;18.8800;Sió alsó szakasz 3
468;12-0081-1-1;47.2200;18.9100;Sárvíz mellékág 5
469;12-0260-1-4;47.2400;18.9000;Velencei-tó alsó ág 3
470;12-0261-1-4;47.2200;18.9200;Dinnyési-horgásztó 5
471;14-0100-1-1;46.4800;17.3600;Koppány alsó szakasz 4
472;14-0101-1-1;46.4600;17.3800;Kaposi mellékág 4
473;14-0310-1-4;46.5100;17.5600;Somogysárdi-tó 4
474;14-0311-1-4;46.5300;17.5800;Szentbalázsi-bányató 4
475;15-0090-1-1;48.1200;22.3800;Tisza alsó szakasz 4
476;15-0091-1-1;48.1000;22.4100;Bodrog mellékág 5
477;15-0310-1-4;48.0800;22.3800;Nagymihályi-horgásztó 4
478;15-0311-1-4;48.1000;22.4000;Mátai-bányató 4
479;16-0080-1-1;47.5800;17.5800;Rába alsó szakasz 4
480;16-0081-1-1;47.5600;17.6000;Gyöngyös mellékág 5
481;16-0260-1-4;47.5300;17.5600;Celldömölki-horgásztó 5
482;16-0261-1-4;47.5100;17.5800;Jánosházi-bányató 5
483;01-0022-1-1;46.4000;18.3000;Duna Mohácsi alsó szakasz 3
484;01-0023-1-1;46.3500;18.2500;Duna Baja mellékág 3
485;02-0190-1-4;47.8400;18.7000;Tatai-horgásztó 4
486;02-0191-1-4;47.8200;18.7200;Dorogi-bányató 5
487;03-0100-1-1;47.0000;19.9500;Kecskeméti-holtág 5
488;03-0101-1-1;46.9700;19.9800;Kiskunfélegyházi mellékág 5
489;04-0090-1-1;48.4000;21.1800;Sajó alsó szakasz 4
490;04-0091-1-1;48.3800;21.1600;Bódva mellékág 5
491;04-0280-1-4;48.3600;21.1400;Mezőkövesdi-horgásztó 5
492;04-0281-1-4;48.3400;21.1600;Bogácsi-tó 5
493;05-0090-1-1;48.0200;21.0600;Nyírségi-csatorna 5
494;05-0091-1-1;47.9900;21.0900;Tiszaújvárosi mellékág 5
495;05-0290-1-4;47.9700;21.1200;Nyírbátori-horgásztó 5
496;05-0291-1-4;47.9900;21.1400;Hajdúsámsoni-tó 5
497;06-0090-1-1;46.8600;20.0400;Fekete-Körös alsó szakasz 5
498;06-0091-1-1;46.8400;20.0200;Fehér-Körös mellékág 5
499;06-0290-1-4;46.8100;20.0000;Gyulai-horgásztó 5
500;06-0291-1-4;46.7900;19.9800;Békési-bányató 5
501;07-0100-1-1;46.3500;18.0400;Kapos alsó szakasz 5
502;07-0101-1-1;46.3200;18.0100;Sárvíz mellékág 5
503;07-0290-1-4;46.3600;18.0800;Tamási-horgásztó 5
504;07-0291-1-4;46.3800;18.1000;Ozora-bányató 5
505;08-0100-1-1;47.0200;16.9800;Mura alsó szakasz 5
506;08-0101-1-1;47.0000;16.9600;Rába mellékág 6
507;08-0310-1-4;46.9800;17.0200;Alsórajki-horgásztó 5
508;08-0311-1-4;47.0000;17.0400;Zajki-bányató 5
509;09-0090-1-1;47.8100;21.6700;Berettyó alsó szakasz 5
510;09-0091-1-1;47.7900;21.6900;Kálló mellékág 5
511;09-0290-1-4;47.7700;21.7100;Hajdúszoboszlói-horgásztó 5
512;09-0291-1-4;47.7900;21.7300;Nádudvari-bányató 5
513;10-0100-1-1;47.2600;20.9200;Sebes-Körös középső szakasz 5
514;10-0101-1-1;47.2400;20.9400;Kígyós középső csatorna 5
515;10-0290-1-4;47.1900;20.9600;Gyopárosi-horgásztó 5
516;10-0291-1-4;47.1700;20.9800;Sámsoni-tó 5
517;11-0110-1-1;47.2600;17.9600;Gerecse alsó szakasz 5
518;11-0111-1-1;47.2400;17.9800;Bajót mellékág 5
519;11-0310-1-4;47.2800;18.0000;Nyergesújfalui-horgásztó 5
520;11-0311-1-4;47.3000;18.0200;Süttői-bányató 5
521;12-0090-1-1;47.2200;18.8800;Sió alsó szakasz 4
522;12-0091-1-1;47.2000;18.9100;Sárvíz mellékág 6
523;12-0270-1-4;47.2200;18.9000;Velencei-tó alsó ág 4
524;12-0271-1-4;47.2000;18.9200;Dinnyési-horgásztó 6
525;14-0110-1-1;46.4600;17.3600;Koppány alsó szakasz 5
526;14-0111-1-1;46.4400;17.3800;Kaposi mellékág 5
527;14-0320-1-4;46.4900;17.5600;Somogysárdi-tó 5
528;14-0321-1-4;46.5100;17.5800;Szentbalázsi-bányató 5
529;15-0100-1-1;48.1000;22.3800;Tisza alsó szakasz 5
530;15-0101-1-1;48.0800;22.4100;Bodrog mellékág 6
531;15-0320-1-4;48.0600;22.3800;Nagymihályi-horgásztó 5
532;15-0321-1-4;48.0800;22.4000;Mátai-bányató 5
533;16-0090-1-1;47.6000;17.5800;Rába alsó szakasz 5
534;16-0091-1-1;47.5800;17.6000;Gyöngyös mellékág 6
535;16-0270-1-4;47.5500;17.5600;Celldömölki-horgásztó 6
536;16-0271-1-4;47.5300;17.5800;Jánosházi-bányató 6
537;01-0024-1-1;46.3500;18.3000;Duna Mohácsi alsó szakasz 4
538;01-0025-1-1;46.3000;18.2500;Duna Baja mellékág 4
539;02-0200-1-4;47.8600;18.7000;Tatai-horgásztó 5
540;02-0201-1-4;47.8400;18.7200;Dorogi-bányató 6
541;03-0110-1-1;47.0100;19.9500;Kecskeméti-holtág 6
542;03-0111-1-1;46.9800;19.9800;Kiskunfélegyházi mellékág 6
543;04-0100-1-1;48.4100;21.1800;Sajó alsó szakasz 5
544;04-0101-1-1;48.3900;21.1600;Bódva mellékág 6
545;04-0290-1-4;48.3700;21.1400;Mezőkövesdi-horgásztó 6
546;04-0291-1-4;48.3500;21.1600;Bogácsi-tó 6
547;05-0100-1-1;48.0300;21.0600;Nyírségi-csatorna 6
548;05-0101-1-1;48.0000;21.0900;Tiszaújvárosi mellékág 6
549;05-0300-1-4;47.9800;21.1200;Nyírbátori-horgásztó 6
550;05-0301-1-4;48.0000;21.1400;Hajdúsámsoni-tó 6
551;06-0100-1-1;46.8800;20.0400;Fekete-Körös alsó szakasz 6
552;06-0101-1-1;46.8600;20.0200;Fehér-Körös mellékág 6
553;06-0300-1-4;46.8200;20.0000;Gyulai-horgásztó 6
554;06-0301-1-4;46.8000;19.9800;Békési-bányató 6
555;07-0110-1-1;46.3300;18.0400;Kapos alsó szakasz 6
556;07-0111-1-1;46.3000;18.0100;Sárvíz mellékág 6
557;07-0300-1-4;46.3500;18.0800;Tamási-horgásztó 6
558;07-0301-1-4;46.3700;18.1000;Ozora-bányató 6
559;08-0110-1-1;47.0300;16.9800;Mura alsó szakasz 6
560;08-0111-1-1;47.0100;16.9600;Rába mellékág 7
561;08-0320-1-4;47.0000;17.0200;Alsórajki-horgásztó 6
562;08-0321-1-4;47.0200;17.0400;Zajki-bányató 6
563;09-0100-1-1;47.8200;21.6700;Berettyó alsó szakasz 6
564;09-0101-1-1;47.8000;21.6900;Kálló mellékág 6
565;09-0300-1-4;47.7800;21.7100;Hajdúszoboszlói-horgásztó 6
566;09-0301-1-4;47.8000;21.7300;Nádudvari-bányató 6
567;10-0110-1-1;47.2800;20.9200;Sebes-Körös középső szakasz 6
568;10-0111-1-1;47.2600;20.9400;Kígyós középső csatorna 6
569;10-0300-1-4;47.2000;20.9600;Gyopárosi-horgásztó 6
570;10-0301-1-4;47.1800;20.9800;Sámsoni-tó 6
571;11-0120-1-1;47.2400;17.9600;Gerecse alsó szakasz 6
572;11-0121-1-1;47.2200;17.9800;Bajót mellékág 6
573;11-0320-1-4;47.2600;18.0000;Nyergesújfalui-horgásztó 6
574;11-0321-1-4;47.2800;18.0200;Süttői-bányató 6
575;12-0100-1-1;47.2000;18.8800;Sió alsó szakasz 5
576;12-0101-1-1;47.1800;18.9100;Sárvíz mellékág 7
577;12-0280-1-4;47.2000;18.9000;Velencei-tó alsó ág 5
578;12-0281-1-4;47.1800;18.9200;Dinnyési-horgásztó 7
579;14-0120-1-1;46.4400;17.3600;Koppány alsó szakasz 6
580;14-0121-1-1;46.4200;17.3800;Kaposi mellékág 6
581;14-0330-1-4;46.4700;17.5600;Somogysárdi-tó 6
582;14-0331-1-4;46.4900;17.5800;Szentbalázsi-bányató 6
583;15-0110-1-1;48.0800;22.3800;Tisza alsó szakasz 6
584;15-0111-1-1;48.0600;22.4100;Bodrog mellékág 7
585;15-0330-1-4;48.0400;22.3800;Nagymihályi-horgásztó 6
586;15-0331-1-4;48.0600;22.4000;Mátai-bányató 6
587;16-0100-1-1;47.6200;17.5800;Rába alsó szakasz 6
588;16-0101-1-1;47.6000;17.6000;Gyöngyös mellékág 7
589;16-0280-1-4;47.5700;17.5600;Celldömölki-horgásztó 7
590;16-0281-1-4;47.5500;17.5800;Jánosházi-bányató 7
591;01-0026-1-1;46.3000;18.3000;Duna Mohácsi alsó szakasz 5
592;01-0027-1-1;46.2500;18.2500;Duna Baja mellékág 5
593;02-0210-1-4;47.8800;18.7000;Tatai-horgásztó 6
594;02-0211-1-4;47.8600;18.7200;Dorogi-bányató 7
595;03-0120-1-1;47.0200;19.9500;Kecskeméti-holtág 7
596;03-0121-1-1;46.9900;19.9800;Kiskunfélegyházi mellékág 7
597;04-0110-1-1;48.4200;21.1800;Sajó alsó szakasz 6
598;04-0111-1-1;48.4000;21.1600;Bódva mellékág 7
599;04-0300-1-4;48.3800;21.1400;Mezőkövesdi-horgásztó 7
600;04-0301-1-4;48.3600;21.1600;Bogácsi-tó 7
601;05-0110-1-1;48.0400;21.0600;Nyírségi-csatorna 7
602;05-0111-1-1;48.0100;21.0900;Tiszaújvárosi mellékág 7
603;05-0310-1-4;48.0000;21.1200;Nyírbátori-horgásztó 7
604;05-0311-1-4;48.0200;21.1400;Hajdúsámsoni-tó 7
605;06-0110-1-1;46.9000;20.0400;Fekete-Körös alsó szakasz 7
606;06-0111-1-1;46.8800;20.0200;Fehér-Körös mellékág 7
607;06-0310-1-4;46.8400;20.0000;Gyulai-horgásztó 7
608;06-0311-1-4;46.8200;19.9800;Békési-bányató 7
609;07-0120-1-1;46.3100;18.0400;Kapos alsó szakasz 7
610;07-0121-1-1;46.2800;18.0100;Sárvíz mellékág 7
611;07-0310-1-4;46.3300;18.0800;Tamási-horgásztó 7
612;07-0311-1-4;46.3500;18.1000;Ozora-bányató 7
613;08-0120-1-1;47.0400;16.9800;Mura alsó szakasz 7
614;08-0121-1-1;47.0200;16.9600;Rába mellékág 8
615;08-0330-1-4;47.0100;17.0200;Alsórajki-horgásztó 7
616;08-0331-1-4;47.0300;17.0400;Zajki-bányató 7
617;09-0110-1-1;47.8300;21.6700;Berettyó alsó szakasz 7
618;09-0111-1-1;47.8100;21.6900;Kálló mellékág 7
619;09-0310-1-4;47.7900;21.7100;Hajdúszoboszlói-horgásztó 7
620;09-0311-1-4;47.8100;21.7300;Nádudvari-bányató 7
621;10-0120-1-1;47.3000;20.9200;Sebes-Körös középső szakasz 7
622;10-0121-1-1;47.2800;20.9400;Kígyós középső csatorna 7
623;10-0310-1-4;47.2100;20.9600;Gyopárosi-horgásztó 7
624;10-0311-1-4;47.1900;20.9800;Sámsoni-tó 7
625;11-0130-1-1;47.2200;17.9600;Gerecse alsó szakasz 7
626;11-0131-1-1;47.2000;17.9800;Bajót mellékág 7
627;11-0330-1-4;47.2400;18.0000;Nyergesújfalui-horgásztó 7
628;11-0331-1-4;47.2600;18.0200;Süttői-bányató 7
629;12-0110-1-1;47.1800;18.8800;Sió alsó szakasz 6
630;12-0111-1-1;47.1600;18.9100;Sárvíz mellékág 8
631;12-0290-1-4;47.1800;18.9000;Velencei-tó alsó ág 6
632;12-0291-1-4;47.1600;18.9200;Dinnyési-horgásztó 8
633;14-0130-1-1;46.4200;17.3600;Koppány alsó szakasz 7
634;14-0131-1-1;46.4000;17.3800;Kaposi mellékág 7
635;14-0340-1-4;46.4500;17.5600;Somogysárdi-tó 7
636;14-0341-1-4;46.4700;17.5800;Szentbalázsi-bányató 7
637;15-0120-1-1;48.0600;22.3800;Tisza alsó szakasz 7
638;15-0121-1-1;48.0400;22.4100;Bodrog mellékág 8
639;15-0340-1-4;48.0200;22.3800;Nagymihályi-horgásztó 7
640;15-0341-1-4;48.0400;22.4000;Mátai-bányató 7
641;16-0110-1-1;47.6400;17.5800;Rába alsó szakasz 7
642;16-0111-1-1;47.6200;17.6000;Gyöngyös mellékág 8
643;16-0290-1-4;47.5800;17.5600;Celldömölki-horgásztó 8
644;16-0291-1-4;47.5600;17.5800;Jánosházi-bányató 8
645;01-0028-1-1;46.2500;18.3000;Duna Mohácsi alsó szakasz 6
646;01-0029-1-1;46.2000;18.2500;Duna Baja mellékág 6
647;02-0220-1-4;47.9000;18.7000;Tatai-horgásztó 7
648;02-0221-1-4;47.8800;18.7200;Dorogi-bányató 8
649;03-0130-1-1;47.0300;19.9500;Kecskeméti-holtág 8
650;03-0131-1-1;47.0000;19.9800;Kiskunfélegyházi mellékág 8
651;04-0120-1-1;48.4300;21.1800;Sajó alsó szakasz 7
652;04-0121-1-1;48.4100;21.1600;Bódva mellékág 8
653;04-0310-1-4;48.3900;21.1400;Mezőkövesdi-horgásztó 8
654;04-0311-1-4;48.3700;21.1600;Bogácsi-tó 8
655;05-0120-1-1;48.0500;21.0600;Nyírségi-csatorna 8
656;05-0121-1-1;48.0200;21.0900;Tiszaújvárosi mellékág 8
657;05-0320-1-4;48.0000;21.1200;Nyírbátori-horgásztó 8
658;05-0321-1-4;48.0200;21.1400;Hajdúsámsoni-tó 8
659;06-0120-1-1;46.9200;20.0400;Fekete-Körös alsó szakasz 8
660;06-0121-1-1;46.9000;20.0200;Fehér-Körös mellékág 8
661;06-0320-1-4;46.8600;20.0000;Gyulai-horgásztó 8
662;06-0321-1-4;46.8400;19.9800;Békési-bányató 8
663;07-0130-1-1;46.2900;18.0400;Kapos alsó szakasz 8
664;07-0131-1-1;46.2600;18.0100;Sárvíz mellékág 8
665;07-0320-1-4;46.3100;18.0800;Tamási-horgásztó 8
666;07-0321-1-4;46.3300;18.1000;Ozora-bányató 8
667;08-0130-1-1;47.0500;16.9800;Mura alsó szakasz 8
668;08-0131-1-1;47.0300;16.9600;Rába mellékág 9
669;08-0340-1-4;47.0200;17.0200;Alsórajki-horgásztó 8
670;08-0341-1-4;47.0400;17.0400;Zajki-bányató 8
671;09-0120-1-1;47.8400;21.6700;Berettyó alsó szakasz 8
672;09-0121-1-1;47.8200;21.6900;Kálló mellékág 8
673;09-0320-1-4;47.8000;21.7100;Hajdúszoboszlói-horgásztó 8
674;09-0321-1-4;47.8200;21.7300;Nádudvari-bányató 8
675;10-0130-1-1;47.3200;20.9200;Sebes-Körös középső szakasz 8
676;10-0131-1-1;47.3000;20.9400;Kígyós középső csatorna 8
677;10-0320-1-4;47.2200;20.9600;Gyopárosi-horgásztó 8
678;10-0321-1-4;47.2000;20.9800;Sámsoni-tó 8
679;11-0140-1-1;47.2000;17.9600;Gerecse alsó szakasz 8
680;11-0141-1-1;47.1800;17.9800;Bajót mellékág 8
681;11-0340-1-4;47.2200;18.0000;Nyergesújfalui-horgásztó 8
682;11-0341-1-4;47.2400;18.0200;Süttői-bányató 8
683;12-0120-1-1;47.1600;18.8800;Sió alsó szakasz 7
684;12-0121-1-1;47.1400;18.9100;Sárvíz mellékág 9
685;12-0300-1-4;47.1600;18.9000;Velencei-tó alsó ág 7
686;12-0301-1-4;47.1400;18.9200;Dinnyési-horgásztó 9
687;14-0140-1-1;46.4000;17.3600;Koppány alsó szakasz 8
688;14-0141-1-1;46.3800;17.3800;Kaposi mellékág 8
689;14-0350-1-4;46.4300;17.5600;Somogysárdi-tó 8
690;14-0351-1-4;46.4500;17.5800;Szentbalázsi-bányató 8
691;15-0130-1-1;48.0400;22.3800;Tisza alsó szakasz 8
692;15-0131-1-1;48.0200;22.4100;Bodrog mellékág 9
693;15-0350-1-4;48.0000;22.3800;Nagymihályi-horgásztó 8
694;15-0351-1-4;48.0200;22.4000;Mátai-bányató 8
695;16-0120-1-1;47.6600;17.5800;Rába alsó szakasz 8
696;16-0121-1-1;47.6400;17.6000;Gyöngyös mellékág 9
697;16-0300-1-4;47.6000;17.5600;Celldömölki-horgásztó 9
698;16-0301-1-4;47.5800;17.5800;Jánosházi-bányató 9
699;01-0030-1-1;46.2000;18.3000;Duna Mohácsi alsó szakasz 7
700;01-0031-1-1;46.1500;18.2500;Duna Baja mellékág 7
701;02-0230-1-4;47.9200;18.7000;Tatai-horgásztó 8
702;02-0231-1-4;47.9000;18.7200;Dorogi-bányató 9
703;03-0140-1-1;47.0400;19.9500;Kecskeméti-holtág 9
704;03-0141-1-1;47.0200;19.9800;Kiskunfélegyházi mellékág 9
705;04-0130-1-1;48.4400;21.1800;Sajó alsó szakasz 8
706;04-0131-1-1;48.4200;21.1600;Bódva mellékág 9
707;04-0320-1-4;48.4000;21.1400;Mezőkövesdi-horgásztó 9
708;04-0321-1-4;48.3800;21.1600;Bogácsi-tó 9
709;05-0130-1-1;48.0600;21.0600;Nyírségi-csatorna 9
710;05-0131-1-1;48.0300;21.0900;Tiszaújvárosi mellékág 9
711;05-0330-1-4;48.0100;21.1200;Nyírbátori-horgásztó 9
712;05-0331-1-4;48.0300;21.1400;Hajdúsámsoni-tó 9
713;06-0130-1-1;46.9400;20.0400;Fekete-Körös alsó szakasz 9
714;06-0131-1-1;46.9200;20.0200;Fehér-Körös mellékág 9
715;06-0330-1-4;46.8800;20.0000;Gyulai-horgásztó 9
716;06-0331-1-4;46.8600;19.9800;Békési-bányató 9
717;07-0140-1-1;46.2700;18.0400;Kapos alsó szakasz 9
718;07-0141-1-1;46.2400;18.0100;Sárvíz mellékág 9
719;07-0340-1-4;46.2900;18.0800;Tamási-horgásztó 9
720;07-0341-1-4;46.3100;18.1000;Ozora-bányató 9
721;08-0140-1-1;47.0600;16.9800;Mura alsó szakasz 9
722;08-0141-1-1;47.0400;16.9600;Rába mellékág 10
723;08-0350-1-4;47.0300;17.0200;Alsórajki-horgásztó 9
724;08-0351-1-4;47.0500;17.0400;Zajki-bányató 9
725;09-0130-1-1;47.8500;21.6700;Berettyó alsó szakasz 9
726;09-0131-1-1;47.8300;21.6900;Kálló mellékág 9
727;09-0340-1-4;47.8100;21.7100;Hajdúszoboszlói-horgásztó 9
728;09-0341-1-4;47.8300;21.7300;Nádudvari-bányató 9
729;10-0140-1-1;47.3400;20.9200;Sebes-Körös középső szakasz 9
730;10-0141-1-1;47.3200;20.9400;K
731;10-0330-1-4;47.2400;20.9600;Gyopárosi-horgásztó 9
732;10-0331-1-4;47.2200;20.9800;Sámsoni-tó 9
733;11-0150-1-1;47.1800;17.9600;Gerecse alsó szakasz 9
734;11-0151-1-1;47.1600;17.9800;Bajót mellékág 9
735;11-0350-1-4;47.2000;18.0000;Nyergesújfalui-horgásztó 9
736;11-0351-1-4;47.2200;18.0200;Süttői-bányató 9
737;12-0130-1-1;47.1400;18.8800;Sió alsó szakasz 8
738;12-0131-1-1;47.1200;18.9100;Sárvíz mellékág 10
739;12-0310-1-4;47.1400;18.9000;Velencei-tó alsó ág 8
740;12-0311-1-4;47.1200;18.9200;Dinnyési-horgásztó 10
741;14-0150-1-1;46.3800;17.3600;Koppány alsó szakasz 9
742;14-0151-1-1;46.3600;17.3800;Kaposi mellékág 9
743;14-0360-1-4;46.4100;17.5600;Somogysárdi-tó 9
744;14-0361-1-4;46.4300;17.5800;Szentbalázsi-bányató 9
745;15-0140-1-1;48.0200;22.3800;Tisza alsó szakasz 9
746;15-0141-1-1;48.0000;22.4100;Bodrog mellékág 10
747;15-0360-1-4;47.9800;22.3800;Nagymihályi-horgásztó 9
748;15-0361-1-4;48.0000;22.4000;Mátai-bányató 9
749;16-0130-1-1;47.6800;17.5800;Rába alsó szakasz 9
750;16-0131-1-1;47.6600;17.6000;Gyöngyös mellékág 10
751;16-0310-1-4;47.6200;17.5600;Celldömölki-horgásztó 10
752;16-0311-1-4;47.6000;17.5800;Jánosházi-bányató 10
753;01-0032-1-1;46.1500;18.3000;Duna Mohácsi alsó szakasz 8
754;01-0033-1-1;46.1000;18.2500;Duna Baja mellékág 8
755;02-0240-1-4;47.9400;18.7000;Tatai-horgásztó 9
756;02-0241-1-4;47.9200;18.7200;Dorogi-bányató 10
757;03-0150-1-1;47.0500;19.9500;Kecskeméti-holtág 10
758;03-0151-1-1;47.0300;19.9800;Kiskunfélegyházi mellékág 10
759;04-0140-1-1;48.4500;21.1800;Sajó alsó szakasz 9
760;04-0141-1-1;48.4300;21.1600;Bódva mellékág 10
761;04-0330-1-4;48.4100;21.1400;Mezőkövesdi-horgásztó 10
762;04-0331-1-4;48.3900;21.1600;Bogácsi-tó 10
763;05-0140-1-1;48.0700;21.0600;Nyírségi-csatorna 10
764;05-0141-1-1;48.0400;21.0900;Tiszaújvárosi mellékág 10
765;05-0340-1-4;48.0200;21.1200;Nyírbátori-horgásztó 10
766;05-0341-1-4;48.0400;21.1400;Hajdúsámsoni-tó 10
767;06-0140-1-1;46.9600;20.0400;Fekete-Körös alsó szakasz 10
768;06-0141-1-1;46.9400;20.0200;Fehér-Körös mellékág 10
769;06-0340-1-4;46.9000;20.0000;Gyulai-horgásztó 10
770;06-0341-1-4;46.8800;19.9800;Békési-bányató 10
771;07-0150-1-1;46.2500;18.0400;Kapos alsó szakasz 10
772;07-0151-1-1;46.2200;18.0100;Sárvíz mellékág 10
773;07-0350-1-4;46.2700;18.0800;Tamási-horgásztó 10
774;07-0351-1-4;46.2900;18.1000;Ozora-bányató 10
775;08-0150-1-1;47.0700;16.9800;Mura alsó szakasz 10
776;08-0151-1-1;47.0500;16.9600;Rába mellékág 11
777;08-0360-1-4;47.0400;17.0200;Alsórajki-horgásztó 10
778;08-0361-1-4;47.0600;17.0400;Zajki-bányató 10
779;09-0140-1-1;47.8600;21.6700;Berettyó alsó szakasz 10
780;09-0141-1-1;47.8400;21.6900;Kálló mellékág 10
781;09-0350-1-4;47.8200;21.7100;Hajdúszoboszlói-horgásztó 10
782;09-0351-1-4;47.8400;21.7300;Nádudvari-bányató 10
783;10-0150-1-1;47.3600;20.9200;Sebes-Körös középső szakasz 10
784;10-0151-1-1;47.3400;20.9400;Kígyós középső csatorna 10
785;10-0340-1-4;47.2600;20.9600;Gyopárosi-horgásztó 10
786;10-0341-1-4;47.2400;20.9800;Sámsoni-tó 10
787;11-0160-1-1;47.1600;17.9600;Gerecse alsó szakasz 10
788;11-0161-1-1;47.1400;17.9800;Bajót mellékág 10
789;11-0360-1-4;47.1800;18.0000;Nyergesújfalui-horgásztó 10
790;11-0361-1-4;47.2000;18.0200;Süttői-bányató 10
791;12-0140-1-1;47.1200;18.8800;Sió alsó szakasz 9
792;12-0141-1-1;47.1000;18.9100;Sárvíz mellékág 11
793;12-0320-1-4;47.1200;18.9000;Velencei-tó alsó ág 9
794;12-0321-1-4;47.1000;18.9200;Dinnyési-horgásztó 11
795;14-0160-1-1;46.3600;17.3600;Koppány alsó szakasz 10
796;14-0161-1-1;46.3400;17.3800;Kaposi mellékág 10
797;14-0370-1-4;46.4000;17.5600;Somogysárdi-tó 10
798;14-0371-1-4;46.4100;17.5800;Szentbalázsi-bányató 10
799;15-0150-1-1;48.0000;22.3800;Tisza alsó szakasz 10
800;15-0151-1-1;47.9800;22.4100;Bodrog mellékág 11
801;15-0370-1-4;47.9600;22.3800;Nagymihályi-horgásztó 10
802;15-0371-1-4;47.9800;22.4000;Mátai-bányató 10
803;16-0140-1-1;47.7000;17.5800;Rába alsó szakasz 10
804;16-0141-1-1;47.6800;17.6000;Gyöngyös mellékág 11
805;16-0320-1-4;47.6400;17.5600;Celldömölki-horgásztó 11
806;16-0321-1-4;47.6200;17.5800;Jánosházi-bányató 11
807;01-0034-1-1;46.1000;18.3000;Duna Mohácsi alsó szakasz 9
808;01-0035-1-1;46.0500;18.2500;Duna Baja mellékág 9
809;02-0250-1-4;47.9600;18.7000;Tatai-horgásztó 10
810;02-0251-1-4;47.9400;18.7200;Dorogi-bányató 11
811;03-0160-1-1;47.0600;19.9500;Kecskeméti-holtág 11
812;03-0161-1-1;47.0400;19.9800;Kiskunfélegyházi mellékág 11
813;04-0150-1-1;48.4600;21.1800;Sajó alsó szakasz 10
814;04-0151-1-1;48.4400;21.1600;Bódva mellékág 11
815;04-0340-1-4;48.4200;21.1400;Mezőkövesdi-horgásztó 11
816;04-0341-1-4;48.4000;21.1600;Bogácsi-tó 11
817;05-0150-1-1;48.0800;21.0600;Nyírségi-csatorna 11
818;05-0151-1-1;48.0500;21.0900;Tiszaújvárosi mellékág 11
819;05-0350-1-4;48.0300;21.1200;Nyírbátori-horgásztó 11
820;05-0351-1-4;48.0500;21.1400;Hajdúsámsoni-tó 11
821;06-0150-1-1;46.9800;20.0400;Fekete-Körös alsó szakasz 11
822;06-0151-1-1;46.9600;20.0200;Fehér-Körös mellékág 11
823;06-0350-1-4;46.9200;20.0000;Gyulai-horgásztó 11
824;06-0351-1-4;46.9000;19.9800;Békési-bányató 11
825;07-0160-1-1;46.2300;18.0400;Kapos alsó szakasz 11
826;07-0161-1-1;46.2000;18.0100;Sárvíz mellékág 11
827;07-0360-1-4;46.2500;18.0800;Tamási-horgásztó 11
828;07-0361-1-4;46.2700;18.1000;Ozora-bányató 11
829;08-0160-1-1;47.0800;16.9800;Mura alsó szakasz 11
830;08-0161-1-1;47.0600;16.9600;Rába mellékág 12
831;08-0370-1-4;47.0500;17.0200;Alsórajki-horgásztó 11
832;08-0371-1-4;47.0700;17.0400;Zajki-bányató 11
833;09-0150-1-1;47.8700;21.6700;Berettyó alsó szakasz 11
834;09-0151-1-1;47.8500;21.6900;Kálló mellékág 11
835;09-0360-1-4;47.8300;21.7100;Hajdúszoboszlói-horgásztó 11
836;09-0361-1-4;47.8500;21.7300;Nádudvari-bányató 11
837;10-0160-1-1;47.3800;20.9200;Sebes-Körös középső szakasz 11
838;10-0161-1-1;47.3600;20.9400;Kígyós középső csatorna 11
839;10-0350-1-4;47.2800;20.9600;Gyopárosi-horgásztó 11
840;10-0351-1-4;47.2600;20.9800;Sámsoni-tó 11
841;11-0170-1-1;47.1400;17.9600;Gerecse alsó szakasz 11
842;11-0171-1-1;47.1200;17.9800;Bajót mellékág 11
843;11-0370-1-4;47.1600;18.0000;Nyergesújfalui-horgásztó 11
844;11-0371-1-4;47.1800;18.0200;Süttői-bányató 11
845;12-0150-1-1;47.1000;18.8800;Sió alsó szakasz 10
846;12-0151-1-1;47.0800;18.9100;Sárvíz mellékág 12
847;12-0330-1-4;47.1000;18.9000;Velencei-tó alsó ág 10
848;12-0331-1-4;47.0800;18.9200;Dinnyési-horgásztó 12
849;14-0170-1-1;46.3400;17.3600;Koppány alsó szakasz 11
850;14-0171-1-1;46.3200;17.3800;Kaposi mellékág 11
851;14-0380-1-4;46.3900;17.5600;Somogysárdi-tó 11
852;14-0381-1-4;46.4000;17.5800;Szentbalázsi-bányató 11
853;15-0160-1-1;47.9800;22.3800;Tisza alsó szakasz 11
854;15-0161-1-1;47.9600;22.4100;Bodrog mellékág 12
855;15-0380-1-4;47.9400;22.3800;Nagymihályi-horgásztó 11
856;15-0381-1-4;47.9600;22.4000;Mátai-bányató 11
857;16-0150-1-1;47.7200;17.5800;Rába alsó szakasz 11
858;16-0151-1-1;47.7000;17.6000;Gyöngyös mellékág 12
859;16-0330-1-4;47.6600;17.5600;Celldömölki-horgásztó 12
860;16-0331-1-4;47.6400;17.5800;Jánosházi-bányató 12
861;01-0036-1-1;46.0500;18.3000;Duna Mohácsi alsó szakasz 10
862;01-0037-1-1;46.0000;18.2500;Duna Baja mellékág 10
863;02-0260-1-4;47.9800;18.7000;Tatai-horgásztó 11
864;02-0261-1-4;47.9600;18.7200;Dorogi-bányató 12
865;03-0170-1-1;47.0700;19.9500;Kecskeméti-holtág 12
866;03-0171-1-1;47.0500;19.9800;Kiskunfélegyházi mellékág 12
867;04-0160-1-1;48.4700;21.1800;Sajó alsó szakasz 11
868;04-0161-1-1;48.4500;21.1600;Bódva mellékág 12
869;04-0350-1-4;48.4300;21.1400;Mezőkövesdi-horgásztó 12
870;04-0351-1-4;48.4100;21.1600;Bogácsi-tó 12
871;05-0160-1-1;48.0900;21.0600;Nyírségi-csatorna 12
872;05-0161-1-1;48.0600;21.0900;Tiszaújvárosi mellékág 12
873;05-0360-1-4;48.0400;21.1200;Nyírbátori-horgásztó 12
874;05-0361-1-4;48.0600;21.1400;Hajdúsámsoni-tó 12
875;06-0160-1-1;47.0000;20.0400;Fekete-Körös alsó szakasz 12
876;06-0161-1-1;46.9800;20.0200;Fehér-Körös mellékág 12
877;06-0360-1-4;46.9400;20.0000;Gyulai-horgásztó 12
878;06-0361-1-4;46.9200;19.9800;Békési-bányató 12
879;07-0170-1-1;46.2100;18.0400;Kapos alsó szakasz 12
880;07-0171-1-1;46.1800;18.0100;Sárvíz mellékág 12
881;07-0370-1-4;46.2300;18.0800;Tamási-horgásztó 12
882;07-0371-1-4;46.2500;18.1000;Ozora-bányató 12
883;08-0170-1-1;47.0900;16.9800;Mura alsó szakasz 12
884;08-0171-1-1;47.0700;16.9600;Rába mellékág 13
885;08-0380-1-4;47.0600;17.0200;Alsórajki-horgásztó 12
886;08-0381-1-4;47.0800;17.0400;Zajki-bányató 12
887;09-0160-1-1;47.8800;21.6700;Berettyó alsó szakasz 12
888;09-0161-1-1;47.8600;21.6900;Kálló mellékág 12
889;09-0370-1-4;47.8400;21.7100;Hajdúszoboszlói-horgásztó 12
890;09-0371-1-4;47.8600;21.7300;Nádudvari-bányató 12
891;10-0170-1-1;47.4000;20.9200;Sebes-Körös középső szakasz 12
892;10-0171-1-1;47.3800;20.9400;Kígyós középső csatorna 12
893;10-0360-1-4;47.3000;20.9600;Gyopárosi-horgásztó 12
894;10-0361-1-4;47.2800;20.9800;Sámsoni-tó 12
895;11-0180-1-1;47.1200;17.9600;Gerecse alsó szakasz 12
896;11-0181-1-1;47.1000;17.9800;Bajót mellékág 12
897;11-0380-1-4;47.1400;18.0000;Nyergesújfalui-horgásztó 12
898;11-0381-1-4;47.1600;18.0200;Süttői-bányató 12
899;12-0160-1-1;47.0800;18.8800;Sió alsó szakasz 11
900;12-0161-1-1;47.0600;18.9100;Sárvíz mellékág 13
901;12-0340-1-4;47.0800;18.9000;Velencei-tó alsó ág 11
902;12-0341-1-4;47.0600;18.9200;Dinnyési-horgásztó 13
903;14-0180-1-1;46.3200;17.3600;Koppány alsó szakasz 12
904;14-0181-1-1;46.3000;17.3800;Kaposi mellékág 12
905;14-0390-1-4;46.3800;17.5600;Somogysárdi-tó 12
906;14-0391-1-4;46.3900;17.5800;Szentbalázsi-bányató 12
907;15-0170-1-1;47.9600;22.3800;Tisza alsó szakasz 12
908;15-0171-1-1;47.9400;22.4100;Bodrog mellékág 13
909;15-0390-1-4;47.9200;22.3800;Nagymihályi-horgásztó 12
910;15-0391-1-4;47.9400;22.4000;Mátai-bányató 12
911;16-0160-1-1;47.7400;17.5800;Rába alsó szakasz 12
912;16-0161-1-1;47.7200;17.6000;Gyöngyös mellékág 13
913;16-0340-1-4;47.6800;17.5600;Celldömölki-horgásztó 13
914;16-0341-1-4;47.6600;17.5800;Jánosházi-bányató 13
915;01-0038-1-1;46.0000;18.3000;Duna Mohácsi alsó szakasz 11
916;01-0039-1-1;45.9500;18.2500;Duna Baja mellékág 11
917;02-0270-1-4;48.0000;18.7000;Tatai-horgásztó 12
918;02-0271-1-4;47.9800;18.7200;Dorogi-bányató 13
919;03-0180-1-1;47.0800;19.9500;Kecskeméti-holtág 13
920;03-0181-1-1;47.0600;19.9800;Kiskunfélegyházi mellékág 13
921;04-0170-1-1;48.4800;21.1800;Sajó alsó szakasz 12
922;04-0171-1-1;48.4600;21.1600;Bódva mellékág 13
923;04-0360-1-4;48.4400;21.1400;Mezőkövesdi-horgásztó 13
924;04-0361-1-4;48.4200;21.1600;Bogácsi-tó 13
925;05-0170-1-1;48.1000;21.0600;Nyírségi-csatorna 13
926;05-0171-1-1;48.0700;21.0900;Tiszaújvárosi mellékág 13
927;05-0370-1-4;48.0500;21.1200;Nyírbátori-horgásztó 13
928;05-0371-1-4;48.0700;21.1400;Hajdúsámsoni-tó 13
929;06-0170-1-1;47.0200;20.0400;Fekete-Körös alsó szakasz 13
930;06-0171-1-1;47.0000;20.0200;Fehér-Körös mellékág 13
931;06-0370-1-4;46.9600;20.0000;Gyulai-horgásztó 13
932;06-0371-1-4;46.9400;19.9800;Békési-bányató 13
933;07-0180-1-1;46.1900;18.0400;Kapos alsó szakasz 13
934;07-0181-1-1;46.1600;18.0100;Sárvíz mellékág 13
935;07-0380-1-4;46.2100;18.0800;Tamási-horgásztó 13
936;07-0381-1-4;46.2300;18.1000;Ozora-bányató 13
937;08-0180-1-1;47.1000;16.9800;Mura alsó szakasz 13
938;08-0181-1-1;47.0800;16.9600;Rába mellékág 14
939;08-0390-1-4;47.0700;17.0200;Alsórajki-horgásztó 13
940;08-0391-1-4;47.0900;17.0400;Zajki-bányató 13
941;09-0170-1-1;47.8900;21.6700;Berettyó alsó szakasz 13
942;09-0171-1-1;47.8700;21.6900;Kálló mellékág 13
943;09-0380-1-4;47.8500;21.7100;Hajdúszoboszlói-horgásztó 13
944;09-0381-1-4;47.8700;21.7300;Nádudvari-bányató 13
945;10-0180-1-1;47.4200;20.9200;Sebes-Körös középső szakasz 13
946;10-0181-1-1;47.4000;20.9400;Kígyós középső csatorna 13
947;10-0370-1-4;47.3200;20.9600;Gyopárosi-horgásztó 13
948;10-0371-1-4;47.3000;20.9800;Sámsoni-tó 13
949;11-0190-1-1;47.1000;17.9600;Gerecse alsó szakasz 13
950;11-0191-1-1;47.0800;17.9800;Bajót mellékág 13
951;11-0390-1-4;47.1200;18.0000;Nyergesújfalui-horgásztó 13
952;11-0391-1-4;47.1400;18.0200;Süttői-bányató 13
953;12-0170-1-1;47.0600;18.8800;Sió alsó szakasz 12
954;12-0171-1-1;47.0400;18.9100;Sárvíz mellékág 14
955;12-0350-1-4;47.0600;18.9000;Velencei-tó alsó ág 12
956;12-0351-1-4;47.0400;18.9200;Dinnyési-horgásztó 14
957;14-0190-1-1;46.3000;17.3600;Koppány alsó szakasz 13
958;14-0191-1-1;46.2800;17.3800;Kaposi mellékág 13
959;14-0400-1-4;46.3700;17.5600;Somogysárdi-tó 13
960;14-0401-1-4;46.3800;17.5800;Szentbalázsi-bányató 13
961;15-0180-1-1;47.9400;22.3800;Tisza alsó szakasz 13
962;15-0181-1-1;47.9200;22.4100;Bodrog mellékág 14
963;15-0400-1-4;47.9000;22.3800;Nagymihályi-horgásztó 13
964;15-0401-1-4;47.9200;22.4000;Mátai-bányató 13
965;16-0170-1-1;47.7600;17.5800;Rába alsó szakasz 13
966;16-0171-1-1;47.7400;17.6000;Gyöngyös mellékág 14
967;16-0350-1-4;47.7000;17.5600;Celldömölki-horgásztó 14
968;16-0351-1-4;47.6800;17.5800;Jánosházi-bányató 14
969;01-0040-1-1;45.9500;18.3000;Duna Mohácsi alsó szakasz 12
970;01-0041-1-1;45.9000;18.2500;Duna Baja mellékág 12
971;02-0280-1-4;48.0200;18.7000;Tatai-horgásztó 13
972;02-0281-1-4;48.0000;18.7200;Dorogi-bányató 14
973;03-0190-1-1;47.0900;19.9500;Kecskeméti-holtág 14
974;03-0191-1-1;47.0700;19.9800;Kiskunfélegyházi mellékág 14
975;04-0180-1-1;48.4900;21.1800;Sajó alsó szakasz 13
976;04-0181-1-1;48.4700;21.1600;Bódva mellékág 14
977;04-0370-1-4;48.4500;21.1400;Mezőkövesdi-horgásztó 14
978;04-0371-1-4;48.4300;21.1600;Bogácsi-tó 14
979;05-0180-1-1;48.1100;21.0600;Nyírségi-csatorna 14
980;05-0181-1-1;48.0800;21.0900;Tiszaújvárosi mellékág 14
981;05-0380-1-4;48.0600;21.1200;Nyírbátori-horgásztó 14
982;05-0381-1-4;48.0800;21.1400;Hajdúsámsoni-tó 14
983;06-0180-1-1;47.0400;20.0400;Fekete-Körös alsó szakasz 14
984;06-0181-1-1;47.0200;20.0200;Fehér-Körös mellékág 14
985;06-0380-1-4;46.9800;20.0000;Gyulai-horgásztó 14
986;06-0381-1-4;46.9600;19.9800;Békési-bányató 14
987;07-0190-1-1;46.1700;18.0400;Kapos alsó szakasz 14
988;07-0191-1-1;46.1400;18.0100;Sárvíz mellékág 14
989;07-0390-1-4;46.1900;18.0800;Tamási-horgásztó 14
990;07-0391-1-4;46.2100;18.1000;Ozora-bányató 14
991;08-0190-1-1;47.1100;16.9800;Mura alsó szakasz 14
992;08-0191-1-1;47.0900;16.9600;Rába mellékág 15
993;08-0400-1-4;47.0800;17.0200;Alsórajki-horgásztó 14
994;08-0401-1-4;47.1000;17.0400;Zajki-bányató 14
995;09-0180-1-1;47.9000;21.6700;Berettyó alsó szakasz 14
996;09-0181-1-1;47.8800;21.6900;Kálló mellékág 14
997;09-0390-1-4;47.8600;21.7100;Hajdúszoboszlói-horgásztó 14
998;09-0391-1-4;47.8800;21.7300;Nádudvari-bányató 14
999;10-0190-1-1;47.4400;20.9200;Sebes-Körös középső szakasz 14
1000;10-0191-1-1;47.4200;20.9400;Kígyós középső csatorna 14
